<?xml version="1.0" encoding="UTF-8"?>

<project name="YuiRollupTargets">

    <import file="${builddir}/shared/targets.xml" description="Targets common to Rollup/Module" />

    <target name="build" depends="buildmodules" description="Create component.js"></target>

    <target name="buildmodules" depends="-buildmodules, -registerall, -prependall, -appendall">
        <fixcrlf srcdir="${component.builddir}" eol="${buildfiles.eol}" />
    </target>

    <target name="-buildmodules">
        <subant target="${component.rollup.target}" inheritall="false" >
            <filelist dir="${buildfile.dir}" files="${component.rollup.modules.buildfiles}" />
            <property name="rollup" value="true" />
            <property name="rollup.builddir" value="${component.builddir}" />
            <property name="rollup.component" value="${component}" />
            <property name="rollup.component.basefilename" value="${component.basefilename}" />
        </subant>
    </target>

    <target name="-prependall" depends="-prependdebug, -prepend" if="component.prependfiles" />
    <target name="-appendall" depends="-appenddebug, -append" if="component.appendfiles" />

    <target name="-registerall" unless="register.skip">
        <addrollup module="${component.module}" file="${component.builddir}/${component.basefilename}-debug.js" details="${component.details.hash}" />
        <addrollup module="${component.module}" file="${component.builddir}/${component.basefilename}.js" details="${component.details.hash}" />
    </target>
</project>
