<?xml version="1.0" encoding="UTF-8"?>

<project name="YuiCssModuleTargets">

    <import file="${builddir}/shared/targets.xml" description="Targets common to Rollup/Module" />

    <target name="build" depends="buildcore" />

    <target name="buildcore">
        <concatsource destfile="${component.builddir}/${component}.css" sourcedir="${component.basedir}/css" sourcefiles="${component.cssfiles}" />
    </target>

    <target name="minify">
        <yuicompress src="${component.builddir}/${component}.css" dest="${component.builddir}/${component}-min.css" args="${yuicompressor.css.args.internal}" />
    </target>

    <target name="lint">
        <!-- TODO : CSS Lint support. Currently need to add @charset "UTF-8";-->
    </target>

    <target name="deploybuild" description="Copy built files to global build location">
        <copy todir="${global.build.component}" preservelastmodified="true">
            <fileset dir="${component.builddir}" includes="*.css" />
        </copy>
    </target>
</project>
