<?xml version="1.0" encoding="UTF-8"?>

<project name="YuiMacroLib">

    <macrodef name="arrayliteral">
        <attribute name="from" />
        <attribute name="to" />
        <attribute name="key" />
        <sequential>
            <if>
                <isset property="@{from}" />
                <then>
                    <propertyregex property="array"
                                   override="true"
                                   input="${@{from}}"
                                   casesensitive="false"
                                   regexp="([^\,\s]+)"
                                   replace="'\1'"
                                    />

                    <property name="@{to}" value="@{key}:[${array}]" />
                </then>
            </if>
        </sequential>
    </macrodef>

    <macrodef name="createdetails">
        <sequential>
            <arrayliteral from="component.use" to="component.details.use" key="use" />
            <arrayliteral from="component.supersedes" to="component.details.supersedes" key="supersedes" />
            <arrayliteral from="component.requires" to="component.details.requires" key="requires" />
            <arrayliteral from="component.optional" to="component.details.optional" key="optional" />
            <if>
                <isset property="component.skinnable" />
                <then>
                    <property name="component.details.skinnable" value="skinnable:${component.skinnable}" />
                </then>
            </if>

            <propertyselector property="details.list"
                             delimiter=","
                             match="component\.details.([^\.]*)"
                             select="\1"
                             casesensitive="false" />

            <var name="details" value="" />
            <if>
                <isset property="details.list" />
                <then>
                    <for list="${details.list}" param="val">
                        <sequential>
                            <var name="details" value="${component.details.@{val}}, ${details}" />
                        </sequential>
                    </for>
                    <propertyregex property="component.details.hash"
                      input="{${details}}"
                      regexp="(\,\s*?\})"
                      replace="}"
                      casesensitive="false" />
                </then>
                <else>
                    <property name="component.details.hash" value="" />
                </else>
            </if>
        </sequential>
    </macrodef>

    <macrodef name="yuicompress">
        <attribute name="src" />
        <attribute name="dest" />
        <attribute name="args" />

        <sequential>
            <echo level="info">Running yuicompressor on @{src}</echo>
            <java jar="${yuicompressor.jar}" fork="true">
                <arg line="@{args} -o" />
                <arg file="@{dest}" />
                <arg file="@{src}" />
            </java>
        </sequential>
    </macrodef>

    <macrodef name="concatsource">
        <attribute name="destfile" />
        <attribute name="sourcedir" />
        <attribute name="sourcefiles" />
        <attribute name="workingdir" default="${workingdir}" />

        <element name="filters" optional="true" description="Additonal filters to apply to individual files"/>

        <sequential>
            <echo level="info">Concatenating</echo>
            <echo level="info">    Source Files : @{sourcefiles}</echo>
            <echo level="info">    In Source Dir : @{sourcedir}</echo>
            <echo level="info">    To : @{destfile}</echo>
        
            <delete dir="@{workingdir}" quiet="true"/>
            <copy todir="@{workingdir}">
                <filelist dir="@{sourcedir}" files="@{sourcefiles}" />
                <filterchain>
                    <filters />
                    <fixcrlf fixlast="true" eof="remove"/>
                </filterchain>
            </copy>

            <concat destfile="@{destfile}" fixlastline="true" >
                <filelist dir="@{workingdir}" files="@{sourcefiles}" />
            </concat>
            
            <delete dir="${workingdir}" quiet="true"/>
        </sequential>
    </macrodef>

    <macrodef name="jslint">
        <element name="jsfiles" optional="false" />
        <sequential>
            <!-- 
               Need to find a way to convert fileset to args (script?) to 
               avoid ' ', which will break for files with ' in them
               
               Evaluates to the following java execution line...
               java -r js.jar jslintconsole.js 'file1.js' 'file2.js' 'file3.js'
            -->
            <pathconvert pathsep="' '" property="jsfileargs">
                <jsfiles />
            </pathconvert>

            <java jar="${rhino.jar}" fork="true">
                <arg file="${jslintconsole.js}" />
                <arg value="${jslintsrc.js}" />
                <arg line="'${jsfileargs}'" />
            </java>

        </sequential>
    </macrodef>

    <macrodef name="registerversion">
        <attribute name="module" />
        <attribute name="classname" />
        <attribute name="file" />
        <sequential>
            <loadfile srcfile="${builddir}/files/versioncode.txt" property="@{module}-@{classname}-version" >
                <filterchain>
                    <replacetokens>
                        <token key="MODULE" value="@{module}"/>
                        <token key="CLASSNAME" value="@{classname}"/>
                    </replacetokens>
                </filterchain>
            </loadfile>
            <echo level="info">Adding Version Registration Code to @{file}</echo>
            <concat destfile="@{file}" append="true" fixlastline="true">${@{module}-@{classname}-version}</concat>
        </sequential>
    </macrodef>

    <macrodef name="addmodule">
        <attribute name="file" />
        <attribute name="module" />
        <attribute name="details" default="" />

        <sequential>
            <if>
                <equals arg1="@{details}" arg2="" />
                <then>
                    <property name="@{module}-details" value="" />
                </then>
                <else>
                    <property name="@{module}-details" value=",@{details}" />
                </else>
            </if>
            <loadfile srcfile="@{file}" property="@{module}-@{file}-code" />
            <echo level="info">Wrapping @{file} in YUI.add module</echo>
            <copy file="${builddir}/files/moduletemplate.txt" tofile="@{file}" overwrite="true">
                <filterset>
                    <filter token="CODE" value="${@{module}-@{file}-code}" />
                    <filter token="YUIVAR" value="${yui.variable}" />
                    <filter token="MODULE" value="@{module}" />
                    <filter token="DETAILS" value="${@{module}-details}" />
                </filterset>
            </copy>
        </sequential>
    </macrodef>

    <macrodef name="addrollup">
        <attribute name="file" />
        <attribute name="module" />
        <attribute name="details" default="" />

        <sequential>
            <if>
                <equals arg1="@{details}" arg2="" />
                <then>
                    <property name="@{module}-details" value="" />
                </then>
                <else>
                    <property name="@{module}-details" value=",@{details}" />
                </else>
            </if>
            <loadfile srcfile="@{file}" property="@{module}-@{file}-code" />
            <echo level="info">Adding Rollup @{file} using YUI.add</echo>
            <copy file="${builddir}/files/rolluptemplate.txt" tofile="@{file}" overwrite="true">
                <filterset>
                    <filter token="CODE" value="${@{module}-@{file}-code}"/>
                    <filter token="YUIVAR" value="${yui.variable}" />
                    <filter token="MODULE" value="@{module}"/>
                    <filter token="DETAILS" value="${@{module}-details}"/>
                </filterset>
            </copy>
        </sequential>
    </macrodef>

</project>
